{"stats":{"minecraft:mined":{"luminousworld:savannah_soil":4,"minecraft:acacia_leaves":28,"minecraft:white_bed":1,"minecraft:spruce_trapdoor":1,"minecraft:crafting_table":2,"luminousworld:savannah_grass_1":1,"minecraft:acacia_log":47,"luminousworld:bao_bob_wood":2,"minecraft:chest":5,"minecraft:campfire":4,"minecraft:potted_bamboo":1,"luminousworld:savanna_grass_2":4,"minecraft:hay_block":15,"minecraft:carrots":52,"minecraft:wheat":119,"luminousworld:bao_bob_log":1043,"minecraft:grass":2,"minecraft:potatoes":20,"minecraft:oak_log":14,"minecraft:beetroots":12,"minecraft:dirt_path":1,"luminousworld:elephant_grass":1,"luminousworld:savannah_grass_4":2,"luminousworld:savannah_ground":5},"minecraft:used":{"luminousworld:baobab_fence_gate":8,"minecraft:water_bucket":11,"create:framed_glass":94,"minecraft:cow_spawn_egg":3,"minecraft:dirt_path":9,"minecraft:flint_and_steel":12,"minecraft:ladder":8,"minecraft:andesite_slab":1,"minecraft:chest":20,"luminousworld:bao_bob_log":915,"minecraft:sheep_spawn_egg":4,"minecraft:stone_hoe":313,"minecraft:oak_door":2,"luminousworld:baobab_plank":1097,"minecraft:torch":129,"minecraft:dirt":180,"luminousworld:bao_bab_sapling":25,"minecraft:tnt":14,"minecraft:crafting_table":3,"minecraft:white_bed":10,"minecraft:campfire":5,"minecraft:sponge":1,"luminousworld:bao_bob_wood":13,"luminousworld:baobab_door":1,"minecraft:milk_bucket":3,"luminousworld:baobab_stairs":100,"minecraft:wooden_axe":68,"minecraft:villager_spawn_egg":1,"minecraft:lantern":10,"minecraft:iron_axe":37,"minecraft:grass_block":811,"minecraft:bread":3,"luminousworld:baobab_slab":241,"minecraft:pig_spawn_egg":2,"minecraft:chicken_spawn_egg":2,"minecraft:oak_pressure_plate":3,"minecraft:polished_andesite_slab":4,"minecraft:stone_axe":4,"luminousworld:baobabfence":169,"luminousworld:savannah_soil":481,"minecraft:furnace":1,"minecraft:bucket":2,"minecraft:potato":1,"minecraft:splash_potion":3,"minecraft:bone_meal":167},"minecraft:dropped":{"minecraft:stone_axe":1,"minecraft:pig_spawn_egg":1,"minecraft:white_bed":1,"minecraft:golden_apple":2,"luminousworld:soawwhytb":1,"minecraft:spruce_trapdoor":1,"minecraft:wooden_axe":1,"minecraft:white_banner":1},"minecraft:custom":{"minecraft:interact_with_furnace":2,"minecraft:mob_kills":23,"minecraft:animals_bred":5,"minecraft:interact_with_crafting_table":8,"minecraft:open_barrel":1,"minecraft:bell_ring":5,"minecraft:leave_game":2,"minecraft:time_since_death":317938,"minecraft:sleep_in_bed":25,"minecraft:climb_one_cm":14910,"minecraft:time_since_rest":20933,"minecraft:sprint_one_cm":175339,"minecraft:damage_taken":316,"minecraft:walk_one_cm":1067049,"minecraft:drop":9,"minecraft:damage_dealt":5554,"minecraft:fly_one_cm":1509982,"minecraft:open_chest":32,"minecraft:crouch_one_cm":5098,"minecraft:play_time":349508,"minecraft:deaths":1,"minecraft:sneak_time":6195,"minecraft:walk_under_water_one_cm":291,"minecraft:jump":748,"minecraft:walk_on_water_one_cm":6354,"minecraft:total_world_time":349508,"minecraft:fall_one_cm":3538},"minecraft:picked_up":{"minecraft:wooden_axe":7,"minecraft:feather":1,"minecraft:wheat":96,"luminousworld:groundpebbles_1":6,"minecraft:charcoal":8,"minecraft:crafting_table":3,"luminousworld:savannah_ground":102,"minecraft:chicken":4,"minecraft:flower_pot":1,"minecraft:clay_ball":4,"luminousworld:soawwhytb":2,"minecraft:potato":119,"luminousworld:bao_bob_wood":513,"minecraft:oak_log":34,"minecraft:gunpowder":1,"minecraft:lantern":2,"minecraft:dirt":1,"minecraft:white_banner":1,"grim_and_bleak:humanflesh":4,"minecraft:experience_bottle":2,"minecraft:bone":3,"minecraft:beetroot":11,"minecraft:apple":16,"minecraft:wheat_seeds":270,"minecraft:beef":2,"minecraft:poppy":1,"luminousworld:elephant_grass":12,"minecraft:rabbit":4,"minecraft:bamboo":1,"minecraft:chest":10,"minecraft:spruce_trapdoor":2,"minecraft:acacia_sapling":28,"minecraft:egg":1,"luminousworld:bao_bab_sapling":43,"minecraft:stick":39,"minecraft:pig_spawn_egg":1,"minecraft:torch":4,"minecraft:acacia_log":110,"luminousworld:savannah_soil":582,"minecraft:fire_charge":2,"minecraft:white_bed":2,"minecraft:carrot":164,"luminousworld:baobab_plank":66,"minecraft:rotten_flesh":20,"minecraft:beetroot_seeds":31,"minecraft:stone_axe":1,"minecraft:hay_block":15,"minecraft:bread":7,"minecraft:emerald":1,"minecraft:bone_meal":1,"minecraft:golden_apple":2,"luminousworld:tall_deadbush":9,"minecraft:oak_sapling":7,"luminousworld:bao_bob_log":2038,"minecraft:mutton":4,"minecraft:cod":15,"minecraft:cobblestone":3},"minecraft:killed":{"specialmobs:skeletoncreeper":1,"specialmobs:waterspider":1,"specialmobs:spitfireskeleton":1,"luminousworld:pheonix":1,"minecraft:pillager":2,"luminousworld:savannah_skeleton":2,"specialmobs:minicreeper":1,"takesapillage:clay_golem":1,"specialmobs:zombie":3,"specialmobs:giantzombie":1,"specialmobs:spider":1,"minecraft:villager":1,"luminousworld:savannah_zombie":3,"luminousworld:baby_pheonix":2},"minecraft:broken":{"minecraft:stone_axe":1,"minecraft:wooden_axe":5},"minecraft:crafted":{"minecraft:crafting_table":1,"minecraft:ladder":3,"minecraft:stick":8,"minecraft:wooden_axe":9,"minecraft:chest":7,"luminousworld:baobab_plank":96,"minecraft:lead":2}},"DataVersion":3465}